{"stats":{"minecraft:picked_up":{"minecraft:bamboo":7},"minecraft:used":{"minecraft:bamboo":20,"minecraft:jungle_log":2,"minecraft:jungle_leaves":3},"minecraft:custom":{"minecraft:jump":106,"minecraft:time_since_rest":5823,"minecraft:damage_dealt":60,"minecraft:crouch_one_cm":277,"minecraft:leave_game":1,"minecraft:sprint_one_cm":11423,"minecraft:play_time":5823,"minecraft:damage_taken":20,"minecraft:time_since_death":5823,"minecraft:walk_one_cm":10904,"minecraft:sneak_time":159,"minecraft:climb_one_cm":159,"minecraft:total_world_time":5823,"minecraft:fall_one_cm":1449,"minecraft:fly_one_cm":31324}},"DataVersion":3700}